n,i,|K|,|R|,|A|,|B|,|C|,|K|/n,|R|/n,|A|/n^2,|B|/n,|C|/n
1,2,1.000000,0.000000,0.000000,0.000000,0.000000,1.000000,0.000000,0.000000,0.000000,0.000000
2,2,1.490800,0.000000,0.509200,0.509200,0.509200,0.745400,0.000000,0.127300,0.254600,0.254600
3,2,2.110200,0.158900,1.441000,0.889800,0.833200,0.703400,0.052967,0.160111,0.296600,0.277733
4,2,2.726600,0.323100,2.867200,1.273400,1.124600,0.681650,0.080775,0.179200,0.318350,0.281150
5,2,3.361700,0.456100,4.749400,1.638300,1.405600,0.672340,0.091220,0.189976,0.327660,0.281120
6,2,3.986700,0.589200,7.104800,2.013300,1.699300,0.664450,0.098200,0.197356,0.335550,0.283217
7,2,4.617400,0.751100,9.957000,2.382600,1.999700,0.659629,0.107300,0.203204,0.340371,0.285671
8,2,5.252600,0.863000,13.144700,2.747400,2.273300,0.656575,0.107875,0.205386,0.343425,0.284162
9,2,5.890200,0.995400,16.906500,3.109800,2.570700,0.654467,0.110600,0.208722,0.345533,0.285633
10,2,6.515500,1.130300,21.042800,3.484500,2.873000,0.651550,0.113030,0.210428,0.348450,0.287300
11,2,7.151800,1.253300,25.689700,3.848200,3.146000,0.650164,0.113936,0.212312,0.349836,0.286000
12,2,7.780100,1.397300,30.872700,4.219900,3.453500,0.648342,0.116442,0.214394,0.351658,0.287792
13,2,8.412000,1.534900,36.438900,4.588000,3.739900,0.647077,0.118069,0.215615,0.352923,0.287685
14,2,9.055800,1.636600,42.411500,4.944200,4.011400,0.646843,0.116900,0.216385,0.353157,0.286529
15,2,9.666900,1.787600,49.178100,5.333100,4.337300,0.644460,0.119173,0.218569,0.355540,0.289153
16,2,10.322100,1.928700,55.967200,5.677900,4.623500,0.645131,0.120544,0.218622,0.354869,0.288969
17,2,10.936200,2.061400,63.542900,6.063800,4.920300,0.643306,0.121259,0.219872,0.356694,0.289429
18,2,11.563000,2.164600,71.589200,6.437000,5.223400,0.642389,0.120256,0.220954,0.357611,0.290189
19,2,12.218100,2.319100,79.628600,6.781900,5.485500,0.643058,0.122058,0.220578,0.356942,0.288711
20,2,12.811000,2.420400,89.044600,7.189000,5.797100,0.640550,0.121020,0.222612,0.359450,0.289855
21,2,13.460100,2.551800,98.221000,7.539900,6.062500,0.640957,0.121514,0.222723,0.359043,0.288690
22,2,14.103800,2.721300,107.777300,7.896200,6.378500,0.641082,0.123695,0.222680,0.358918,0.289932
23,2,14.758700,2.806400,117.435700,8.241300,6.634300,0.641683,0.122017,0.221996,0.358317,0.288448
24,2,15.355600,2.975600,128.987400,8.644400,6.967200,0.639817,0.123983,0.223936,0.360183,0.290300
25,2,15.980100,3.082300,140.239100,9.019900,7.256700,0.639204,0.123292,0.224383,0.360796,0.290268
26,2,16.623600,3.229900,151.911500,9.376400,7.539000,0.639369,0.124227,0.224721,0.360631,0.289962
27,2,17.237100,3.335700,164.046600,9.762900,7.850300,0.638411,0.123544,0.225030,0.361589,0.290752
28,2,17.897000,3.517500,176.035800,10.103000,8.130300,0.639179,0.125625,0.224535,0.360821,0.290368
29,2,18.518100,3.585400,189.231200,10.481900,8.417800,0.638555,0.123634,0.225007,0.361445,0.290269
30,2,19.163700,3.761100,202.855900,10.836300,8.712600,0.638790,0.125370,0.225395,0.361210,0.290420
31,2,19.798900,3.881500,216.452200,11.201100,8.995100,0.638674,0.125210,0.225236,0.361326,0.290165
32,2,20.382600,4.006100,231.943700,11.617400,9.318700,0.636956,0.125191,0.226508,0.363044,0.291209
33,2,21.011700,4.110700,247.073500,11.988300,9.598900,0.636718,0.124567,0.226881,0.363282,0.290876
34,2,21.691100,4.257000,261.398200,12.308900,9.881800,0.637974,0.125206,0.226123,0.362026,0.290641
35,2,22.274700,4.408100,278.540600,12.725300,10.201400,0.636420,0.125946,0.227380,0.363580,0.291469
36,2,22.941600,4.502900,293.714000,13.058400,10.476900,0.637267,0.125081,0.226631,0.362733,0.291025
37,2,23.614300,4.663800,309.398300,13.385700,10.748000,0.638224,0.126049,0.226003,0.361776,0.290486
38,2,24.221000,4.773900,327.329200,13.779000,11.041800,0.637395,0.125629,0.226682,0.362605,0.290574
39,2,24.819000,4.903700,345.913400,14.181000,11.360600,0.636385,0.125736,0.227425,0.363615,0.291297
40,2,25.487900,5.037200,363.211300,14.512100,11.616700,0.637198,0.125930,0.227007,0.362803,0.290417
41,2,26.097000,5.197400,382.602300,14.903000,11.944800,0.636512,0.126766,0.227604,0.363488,0.291337
42,2,26.758600,5.310500,400.268700,15.241400,12.212700,0.637110,0.126440,0.226910,0.362890,0.290779
43,2,27.354900,5.440600,421.380200,15.645100,12.511200,0.636160,0.126526,0.227896,0.363840,0.290958
44,2,28.047600,5.593500,439.434000,15.952400,12.783500,0.637445,0.127125,0.226980,0.362555,0.290534
45,2,28.622700,5.727800,462.148200,16.377300,13.130700,0.636060,0.127284,0.228221,0.363940,0.291793
46,2,29.251600,5.810700,482.701800,16.748400,13.391900,0.635904,0.126320,0.228120,0.364096,0.291128
47,2,29.923700,5.952700,502.467000,17.076300,13.666100,0.636674,0.126653,0.227464,0.363326,0.290768
48,2,30.535100,6.072900,525.363500,17.464900,13.969400,0.636148,0.126519,0.228022,0.363852,0.291029
49,2,31.159600,6.249600,548.261200,17.840400,14.291000,0.635910,0.127543,0.228347,0.364090,0.291653
50,2,31.805300,6.350400,570.667800,18.194700,14.542400,0.636106,0.127008,0.228267,0.363894,0.290848
51,2,32.404400,6.482000,595.130700,18.595600,14.858300,0.635380,0.127098,0.228808,0.364620,0.291339
52,2,33.036300,6.643800,619.261900,18.963700,15.186100,0.635313,0.127765,0.229017,0.364687,0.292040
53,2,33.712100,6.769700,640.286000,19.287900,15.452100,0.636077,0.127730,0.227941,0.363923,0.291549
54,2,34.336500,6.841400,666.100800,19.663500,15.724600,0.635861,0.126693,0.228430,0.364139,0.291196
55,2,34.925800,7.000400,692.691100,20.074200,16.039300,0.635015,0.127280,0.228989,0.364985,0.291624
56,2,35.540000,7.129400,719.203100,20.460000,16.327400,0.634643,0.127311,0.229338,0.365357,0.291561
57,2,36.220400,7.240400,742.889800,20.779600,16.594600,0.635446,0.127025,0.228652,0.364554,0.291133
58,2,36.841300,7.393200,770.234500,21.158700,16.918200,0.635195,0.127469,0.228964,0.364805,0.291693
59,2,37.486000,7.520000,796.842200,21.514000,17.192800,0.635356,0.127458,0.228912,0.364644,0.291403
60,2,38.127600,7.640000,823.798300,21.872400,17.484300,0.635460,0.127333,0.228833,0.364540,0.291405
61,2,38.749500,7.788500,852.013100,22.250500,17.783800,0.635238,0.127680,0.228974,0.364762,0.291538
62,2,39.363500,7.943800,881.427500,22.636500,18.083900,0.634895,0.128126,0.229300,0.365105,0.291676
63,2,39.989300,8.048600,910.284500,23.010700,18.395800,0.634751,0.127756,0.229349,0.365249,0.291997
64,2,40.591500,8.143300,941.541000,23.408500,18.701000,0.634242,0.127239,0.229868,0.365758,0.292203
65,2,41.265700,8.300900,968.984900,23.734300,18.979100,0.634857,0.127706,0.229346,0.365143,0.291986
66,2,41.840600,8.401900,1002.712900,24.159400,19.254700,0.633948,0.127302,0.230191,0.366052,0.291738
67,2,42.532400,8.536700,1029.559700,24.467600,19.530900,0.634812,0.127413,0.229352,0.365188,0.291506
68,2,43.170500,8.716200,1060.259600,24.829500,19.843800,0.634860,0.128179,0.229295,0.365140,0.291821
69,2,43.790900,8.802000,1092.678700,25.209100,20.112800,0.634651,0.127565,0.229506,0.365349,0.291490
70,2,44.435600,8.962500,1123.953300,25.564400,20.442800,0.634794,0.128036,0.229378,0.365206,0.292040
71,2,45.054200,9.106500,1158.614900,25.945800,20.736500,0.634566,0.128261,0.229838,0.365434,0.292063
72,2,45.709700,9.187900,1190.222900,26.290300,20.987200,0.634857,0.127610,0.229595,0.365143,0.291489
73,2,46.322300,9.309700,1223.932800,26.677700,21.280000,0.634552,0.127530,0.229674,0.365448,0.291507
74,2,46.964000,9.468500,1257.703100,27.036000,21.551100,0.634649,0.127953,0.229676,0.365351,0.291231
75,2,47.625600,9.584600,1290.034600,27.374400,21.864100,0.635008,0.127795,0.229339,0.364992,0.291521
76,2,48.229200,9.736800,1327.050800,27.770800,22.163000,0.634595,0.128116,0.229753,0.365405,0.291618
77,2,48.819000,9.851100,1365.263300,28.181000,22.474900,0.634013,0.127936,0.230269,0.365987,0.291882
78,2,49.484200,9.976200,1398.960400,28.515800,22.731400,0.634413,0.127900,0.229941,0.365587,0.291428
79,2,50.113400,10.119900,1435.526700,28.886600,23.025200,0.634347,0.128100,0.230015,0.365653,0.291458
80,2,50.712500,10.266100,1474.023200,29.287500,23.397400,0.633906,0.128326,0.230316,0.366094,0.292468
81,2,51.403700,10.375800,1507.657800,29.596300,23.615700,0.634614,0.128096,0.229791,0.365386,0.291552
82,2,52.057900,10.488800,1542.899200,29.942100,23.909000,0.634852,0.127912,0.229462,0.365148,0.291573
83,2,52.672800,10.654700,1582.954300,30.327200,24.186200,0.634612,0.128370,0.229780,0.365388,0.291400
84,2,53.263600,10.783500,1623.989500,30.736400,24.536100,0.634090,0.128375,0.230157,0.365910,0.292096
85,2,53.942100,10.898800,1659.932000,31.057900,24.761900,0.634613,0.128221,0.229748,0.365387,0.291316
86,2,54.554300,11.019100,1701.352500,31.445700,25.086700,0.634352,0.128129,0.230037,0.365648,0.291706
87,2,55.157800,11.154500,1743.667600,31.842200,25.418700,0.633998,0.128213,0.230370,0.366002,0.292169
88,2,55.770800,11.280100,1785.387000,32.229200,25.684900,0.633759,0.128183,0.230551,0.366241,0.291874
89,2,56.473300,11.459900,1820.987500,32.526700,25.957800,0.634531,0.128763,0.229894,0.365469,0.291661
90,2,57.098100,11.512100,1862.909800,32.901900,26.244300,0.634423,0.127912,0.229989,0.365577,0.291603
91,2,57.695600,11.658900,1907.726300,33.304400,26.542500,0.634018,0.128120,0.230374,0.365982,0.291676
92,2,58.323900,11.801100,1950.941200,33.676100,26.847400,0.633955,0.128273,0.230499,0.366045,0.291820
93,2,59.017700,11.934700,1989.135200,33.982300,27.105200,0.634599,0.128330,0.229984,0.365401,0.291454
94,2,59.664900,12.066500,2030.205800,34.335100,27.387300,0.634733,0.128367,0.229765,0.365267,0.291354
95,2,60.227100,12.147700,2078.946300,34.772900,27.695100,0.633969,0.127871,0.230354,0.366031,0.291527
96,2,60.865600,12.328600,2123.321300,35.134400,28.020500,0.634017,0.128423,0.230395,0.365983,0.291880
97,2,61.484800,12.466000,2169.282600,35.515200,28.293400,0.633864,0.128515,0.230554,0.366136,0.291685
98,2,62.152400,12.579700,2210.314400,35.847600,28.549400,0.634208,0.128364,0.230145,0.365792,0.291320
99,2,62.821700,12.731700,2254.743100,36.178300,28.864500,0.634563,0.128603,0.230052,0.365437,0.291561
100,2,63.404600,12.851900,2303.761400,36.595400,29.166500,0.634046,0.128519,0.230376,0.365954,0.291665
101,2,64.099500,12.969600,2345.459400,36.900500,29.434300,0.634649,0.128412,0.229924,0.365351,0.291429
102,2,64.703000,13.141200,2394.776900,37.297000,29.733900,0.634343,0.128835,0.230178,0.365657,0.291509
103,2,65.291900,13.279900,2444.434600,37.708100,30.056200,0.633902,0.128931,0.230411,0.366098,0.291808
104,2,66.002500,13.380600,2486.917300,37.997500,30.300700,0.634639,0.128660,0.229929,0.365361,0.291353
105,2,66.484200,13.445500,2547.966300,38.515800,30.645400,0.633183,0.128052,0.231108,0.366817,0.291861
106,2,67.224700,13.642300,2589.054100,38.775300,30.903000,0.634195,0.128701,0.230425,0.365805,0.291538
107,2,67.808600,13.768200,2639.124000,39.191400,31.232900,0.633725,0.128675,0.230511,0.366275,0.291896
108,2,68.429500,13.944000,2692.075200,39.570500,31.591400,0.633606,0.129111,0.230802,0.366394,0.292513
109,2,69.034300,14.009600,2742.120900,39.965700,31.812500,0.633342,0.128528,0.230799,0.366658,0.291858
110,2,69.715900,14.146400,2790.592800,40.284100,32.097500,0.633781,0.128604,0.230628,0.366219,0.291795
111,2,70.324800,14.281100,2843.325600,40.675200,32.436100,0.633557,0.128659,0.230771,0.366443,0.292217
112,2,71.008200,14.381100,2890.673500,40.991800,32.691900,0.634002,0.128403,0.230443,0.365998,0.291892
113,2,71.589500,14.565800,2948.951500,41.410500,33.001100,0.633535,0.128901,0.230946,0.366465,0.292045
114,2,72.238900,14.632700,2998.806800,41.761100,33.213500,0.633675,0.128357,0.230748,0.366325,0.291346
115,2,72.887400,14.753300,3049.323700,42.112600,33.546400,0.633803,0.128290,0.230573,0.366197,0.291708
116,2,73.525000,14.947600,3103.464600,42.475000,33.840100,0.633836,0.128859,0.230638,0.366164,0.291725
117,2,74.118900,15.107100,3159.736500,42.881100,34.189200,0.633495,0.129121,0.230823,0.366505,0.292215
118,2,74.749300,15.178500,3215.345600,43.250700,34.453300,0.633469,0.128631,0.230921,0.366531,0.291977
119,2,75.434300,15.335000,3265.278500,43.565700,34.717700,0.633902,0.128866,0.230582,0.366098,0.291745
120,2,76.044200,15.453400,3323.989500,43.955800,35.031000,0.633702,0.128778,0.230833,0.366298,0.291925
121,2,76.651900,15.614300,3381.484800,44.348100,35.363200,0.633487,0.129044,0.230960,0.366513,0.292258
122,2,77.327100,15.661700,3432.846500,44.672900,35.590200,0.633829,0.128375,0.230640,0.366171,0.291723
123,2,77.877900,15.810300,3498.009000,45.122100,35.911600,0.633154,0.128539,0.231212,0.366846,0.291964
124,2,78.564800,15.966900,3549.591600,45.435200,36.181200,0.633587,0.128765,0.230853,0.366413,0.291784
125,2,79.224600,16.074300,3604.099500,45.775400,36.498300,0.633797,0.128594,0.230662,0.366203,0.291986
126,2,79.846200,16.252300,3661.677000,46.153800,36.756700,0.633700,0.128987,0.230642,0.366300,0.291720
127,2,80.455900,16.374400,3725.729500,46.544100,37.086200,0.633511,0.128932,0.230996,0.366489,0.292017
128,2,81.099000,16.475600,3781.890500,46.901000,37.371800,0.633586,0.128716,0.230828,0.366414,0.291967
129,2,81.621000,16.641400,3851.931900,47.379000,37.671500,0.632721,0.129003,0.231472,0.367279,0.292027
130,2,82.400500,16.756500,3897.548700,47.599500,37.889900,0.633850,0.128896,0.230624,0.366150,0.291461
131,2,82.995700,16.863000,3961.253500,48.004300,38.211500,0.633555,0.128725,0.230829,0.366445,0.291691
132,2,83.606800,17.090600,4027.164300,48.393200,38.603700,0.633385,0.129474,0.231127,0.366615,0.292452
133,2,84.243100,17.141500,4087.145100,48.756900,38.849400,0.633407,0.128883,0.231056,0.366593,0.292101
134,2,84.908300,17.249100,4143.378400,49.091700,39.066200,0.633644,0.128725,0.230752,0.366356,0.291539
135,2,85.483500,17.382100,4213.906400,49.516500,39.443000,0.633211,0.128756,0.231216,0.366789,0.292170
136,2,86.066900,17.476300,4282.442200,49.933100,39.728200,0.632845,0.128502,0.231533,0.367155,0.292119
137,2,86.803500,17.659800,4333.881600,50.196500,39.995900,0.633602,0.128904,0.230906,0.366398,0.291941
138,2,87.401100,17.784900,4402.025500,50.598900,40.271300,0.633341,0.128876,0.231150,0.366659,0.291821
139,2,88.002300,17.951700,4469.017900,50.997700,40.618100,0.633110,0.129149,0.231304,0.366890,0.292217
140,2,88.720300,18.055100,4521.764200,51.279700,40.832700,0.633716,0.128965,0.230702,0.366284,0.291662
141,2,89.294500,18.144600,4593.652900,51.705500,41.166700,0.633294,0.128685,0.231057,0.366706,0.291962
142,2,89.856200,18.279800,4665.988100,52.143800,41.517800,0.632790,0.128731,0.231402,0.367210,0.292379
143,2,90.546500,18.433200,4725.583800,52.453500,41.755000,0.633192,0.128903,0.231091,0.366808,0.291993
144,2,91.176000,18.566200,4796.703600,52.824000,42.061400,0.633167,0.128932,0.231323,0.366833,0.292093
145,2,91.933300,18.728600,4847.526700,53.066700,42.288400,0.634023,0.129163,0.230560,0.365977,0.291644
146,2,92.491000,18.865100,4925.813900,53.509000,42.562700,0.633500,0.129213,0.231085,0.366500,0.291525
147,2,93.049700,18.999600,5001.200500,53.950300,42.983300,0.632991,0.129249,0.231441,0.367009,0.292403
148,2,93.732200,19.018300,5061.394100,54.267800,43.191600,0.633326,0.128502,0.231072,0.366674,0.291835
149,2,94.370000,19.208700,5131.249900,54.630000,43.505900,0.633356,0.128917,0.231127,0.366644,0.291986
150,2,94.951400,19.301700,5203.660300,55.048600,43.782300,0.633009,0.128678,0.231274,0.366991,0.291882
151,2,95.608300,19.469300,5271.890200,55.391700,44.116100,0.633168,0.128936,0.231213,0.366832,0.292160
152,2,96.236400,19.652400,5344.663000,55.763600,44.387800,0.633134,0.129292,0.231331,0.366866,0.292025
153,2,96.962700,19.762300,5402.594600,56.037300,44.597000,0.633743,0.129165,0.230791,0.366257,0.291484
154,2,97.521600,19.841900,5482.643100,56.478400,44.957300,0.633257,0.128844,0.231179,0.366743,0.291931
155,2,98.185400,19.933500,5552.520000,56.814600,45.167600,0.633454,0.128603,0.231114,0.366546,0.291404
156,2,98.768400,20.140400,5631.542000,57.231600,45.604400,0.633131,0.129105,0.231408,0.366869,0.292336
157,2,99.379000,20.278000,5704.587500,57.621000,45.917300,0.632987,0.129159,0.231433,0.367013,0.292467
158,2,100.080900,20.389300,5769.739100,57.919100,46.113200,0.633423,0.129046,0.231122,0.366577,0.291856
159,2,100.628900,20.453400,5851.264600,58.371100,46.432300,0.632886,0.128638,0.231449,0.367114,0.292027
160,2,101.310500,20.704500,5919.961800,58.689500,46.773000,0.633191,0.129403,0.231249,0.366809,0.292331
161,2,101.960700,20.783800,5997.632800,59.039300,46.990200,0.633296,0.129092,0.231381,0.366704,0.291865
162,2,102.590100,20.961600,6068.190100,59.409900,47.285400,0.633272,0.129393,0.231222,0.366728,0.291885
163,2,103.243800,21.030000,6140.903400,59.756200,47.585200,0.633398,0.129018,0.231130,0.366602,0.291934
164,2,103.820700,21.117600,6224.087100,60.179300,47.883000,0.633053,0.128766,0.231413,0.366947,0.291970
165,2,104.520000,21.270000,6293.916000,60.480000,48.151300,0.633455,0.128909,0.231181,0.366545,0.291826
166,2,105.053300,21.405600,6382.106600,60.946700,48.536200,0.632851,0.128949,0.231605,0.367149,0.292387
167,2,105.725100,21.543100,6455.908300,61.274900,48.784700,0.633084,0.129001,0.231486,0.366916,0.292124
168,2,106.430400,21.700000,6519.347800,61.569600,49.039500,0.633514,0.129167,0.230986,0.366486,0.291902
169,2,107.036700,21.793500,6602.273500,61.963300,49.346200,0.633353,0.128956,0.231164,0.366647,0.291989
170,2,107.652600,21.921300,6684.626000,62.347400,49.624400,0.633251,0.128949,0.231302,0.366749,0.291908
171,2,108.235300,22.094600,6769.047600,62.764700,50.009700,0.632955,0.129208,0.231492,0.367045,0.292454
172,2,108.843900,22.265100,6855.147400,63.156100,50.239800,0.632813,0.129448,0.231718,0.367187,0.292092
173,2,109.546000,22.343700,6920.413700,63.454000,50.503600,0.633214,0.129154,0.231228,0.366786,0.291928
174,2,110.211600,22.464300,7001.645000,63.788400,50.809400,0.633400,0.129105,0.231261,0.366600,0.292008
175,2,110.833200,22.683300,7085.785000,64.166800,51.096900,0.633333,0.129619,0.231373,0.366667,0.291982
176,2,111.429400,22.712400,7166.197500,64.570600,51.380900,0.633122,0.129048,0.231347,0.366878,0.291937
177,2,112.120800,22.916500,7242.083500,64.879200,51.693600,0.633451,0.129472,0.231162,0.366549,0.292054
178,2,112.660300,22.983600,7333.921900,65.339700,52.025800,0.632923,0.129121,0.231471,0.367077,0.292280
179,2,113.260600,23.144000,7428.103700,65.739400,52.330200,0.632741,0.129296,0.231831,0.367259,0.292347
180,2,113.962200,23.226700,7493.973400,66.037800,52.538900,0.633123,0.129037,0.231295,0.366877,0.291883
181,2,114.600100,23.359200,7579.389400,66.399900,52.810700,0.633150,0.129056,0.231354,0.366850,0.291772
182,2,115.200700,23.456400,7669.946900,66.799300,53.233000,0.632971,0.128881,0.231553,0.367029,0.292489
183,2,115.809600,23.636700,7758.177000,67.190400,53.521200,0.632839,0.129162,0.231663,0.367161,0.292466
184,2,116.530300,23.705700,7825.216800,67.469700,53.653900,0.633317,0.128835,0.231132,0.366683,0.291597
185,2,117.125700,23.852300,7918.791200,67.874300,54.021200,0.633112,0.128931,0.231374,0.366888,0.292006
186,2,117.697300,24.071700,8016.474600,68.302700,54.392500,0.632781,0.129418,0.231717,0.367219,0.292433
187,2,118.427600,24.166300,8084.796700,68.572400,54.522800,0.633303,0.129232,0.231199,0.366697,0.291566
188,2,119.046400,24.319800,8176.074400,68.953600,54.896200,0.633226,0.129361,0.231328,0.366774,0.292001
189,2,119.709900,24.410600,8256.859900,69.290100,55.203700,0.633386,0.129157,0.231149,0.366614,0.292083
190,2,120.361000,24.496300,8342.750700,69.639000,55.423400,0.633479,0.128928,0.231101,0.366521,0.291702
191,2,120.919100,24.648500,8441.183600,70.080900,55.759300,0.633084,0.129050,0.231386,0.366916,0.291934
192,2,121.479600,24.784500,8546.853800,70.520400,56.094800,0.632706,0.129086,0.231848,0.367294,0.292160
193,2,122.301900,24.926900,8604.203600,70.698100,56.264400,0.633689,0.129155,0.230992,0.366311,0.291525
194,2,122.887000,25.032100,8701.526700,71.113000,56.568500,0.633438,0.129031,0.231202,0.366562,0.291590
195,2,123.484100,25.214100,8792.914900,71.515900,56.960000,0.633252,0.129303,0.231240,0.366748,0.292103
196,2,124.088400,25.316000,8890.596000,71.911600,57.217300,0.633104,0.129163,0.231430,0.366896,0.291925
197,2,124.717200,25.494900,8984.166800,72.282800,57.563300,0.633082,0.129416,0.231497,0.366918,0.292199
198,2,125.322200,25.588200,9079.059800,72.677800,57.854900,0.632940,0.129233,0.231585,0.367060,0.292196
199,2,125.959000,25.710600,9169.766100,73.041000,58.147000,0.632960,0.129199,0.231554,0.367040,0.292196
200,2,126.645000,25.863300,9253.570800,73.355000,58.381900,0.633225,0.129317,0.231339,0.366775,0.291910
201,2,127.266000,25.921500,9346.732800,73.734000,58.669700,0.633164,0.128963,0.231349,0.366836,0.291889
202,2,127.874700,26.151500,9446.547200,74.125300,58.993700,0.633043,0.129463,0.231510,0.366957,0.292048
203,2,128.533000,26.244100,9536.369100,74.467000,59.223300,0.633167,0.129281,0.231415,0.366833,0.291740
204,2,129.138400,26.416000,9635.024900,74.861600,59.665400,0.633031,0.129490,0.231522,0.366969,0.292477
205,2,129.804200,26.459200,9719.749500,75.195800,59.802200,0.633191,0.129069,0.231285,0.366809,0.291718
206,2,130.412900,26.633700,9822.982800,75.587100,60.169600,0.633072,0.129290,0.231478,0.366928,0.292085
207,2,131.062400,26.767800,9914.215300,75.937600,60.471600,0.633152,0.129313,0.231376,0.366848,0.292133
208,2,131.670700,26.922500,10017.544200,76.329300,60.783900,0.633032,0.129435,0.231545,0.366968,0.292230
209,2,132.364500,27.073400,10103.795600,76.635500,61.007600,0.633323,0.129538,0.231309,0.366677,0.291902
210,2,132.947300,27.105000,10210.912900,77.052700,61.296200,0.633082,0.129071,0.231540,0.366918,0.291887
211,2,133.604000,27.253800,10304.253000,77.396000,61.603200,0.633194,0.129165,0.231447,0.366806,0.291958
212,2,134.167900,27.471000,10412.402900,77.832100,61.957800,0.632867,0.129580,0.231675,0.367133,0.292254
213,2,134.908500,27.552000,10492.899400,78.091500,62.159500,0.633373,0.129352,0.231279,0.366627,0.291829
214,2,135.537800,27.652400,10588.158000,78.462200,62.436800,0.633354,0.129217,0.231203,0.366646,0.291761
215,2,136.043800,27.757000,10712.991500,78.956200,62.775700,0.632762,0.129102,0.231758,0.367238,0.291980
216,2,136.670500,27.959500,10816.952600,79.329500,63.140200,0.632734,0.129442,0.231845,0.367266,0.292316
217,2,137.347200,28.008000,10906.323900,79.652800,63.399900,0.632936,0.129069,0.231611,0.367064,0.292165
218,2,137.975200,28.180000,11007.987400,80.024800,63.666000,0.632914,0.129266,0.231630,0.367086,0.292046
219,2,138.614100,28.266400,11109.132300,80.385900,64.005700,0.632941,0.129070,0.231628,0.367059,0.292263
220,2,139.312200,28.438900,11199.325800,80.687800,64.213800,0.633237,0.129268,0.231391,0.366763,0.291881
221,2,139.874400,28.556300,11308.946200,81.125600,64.548100,0.632916,0.129214,0.231546,0.367084,0.292073
222,2,140.533200,28.678100,11409.538600,81.466800,64.831600,0.633032,0.129181,0.231506,0.366968,0.292034
223,2,141.156600,28.839200,11516.293400,81.843400,65.101100,0.632989,0.129324,0.231581,0.367011,0.291933
224,2,141.763700,28.911000,11619.377400,82.236300,65.395200,0.632874,0.129067,0.231572,0.367126,0.291943
225,2,142.466500,29.172000,11711.962000,82.533500,65.747100,0.633184,0.129653,0.231347,0.366816,0.292209
226,2,143.046600,29.169300,11825.772700,82.953400,65.968300,0.632950,0.129068,0.231533,0.367050,0.291895
227,2,143.677500,29.294500,11931.261900,83.322500,66.267800,0.632941,0.129051,0.231545,0.367059,0.291929
228,2,144.230700,29.503300,12052.989500,83.769300,66.639900,0.632591,0.129400,0.231860,0.367409,0.292280
229,2,144.943200,29.609200,12145.125700,84.056800,66.892000,0.632940,0.129298,0.231596,0.367060,0.292105
230,2,145.561900,29.664700,12253.900200,84.438100,67.078800,0.632878,0.128977,0.231643,0.367122,0.291647
231,2,146.184100,29.891700,12361.316300,84.815900,67.499400,0.632832,0.129401,0.231655,0.367168,0.292205
232,2,146.835400,30.005500,12466.646200,85.164600,67.735000,0.632911,0.129334,0.231619,0.367089,0.291961
233,2,147.485900,30.087000,12569.223500,85.514100,68.068700,0.632987,0.129129,0.231524,0.367013,0.292140
234,2,148.064100,30.259400,12690.087000,85.935900,68.422200,0.632753,0.129314,0.231757,0.367247,0.292403
235,2,148.781800,30.339500,12777.267200,86.218200,68.568400,0.633114,0.129104,0.231367,0.366886,0.291780
236,2,149.448900,30.495400,12883.673000,86.551100,68.830300,0.633258,0.129218,0.231321,0.366742,0.291654
237,2,149.924200,30.641300,13031.979100,87.075800,69.237500,0.632592,0.129288,0.232014,0.367408,0.292141
238,2,150.546500,30.782800,13135.964100,87.453500,69.571400,0.632548,0.129339,0.231904,0.367452,0.292317
239,2,151.287200,30.929600,13232.681900,87.712800,69.761000,0.633001,0.129413,0.231661,0.366999,0.291887
240,2,151.842300,31.007500,13357.577600,88.157700,70.146300,0.632676,0.129198,0.231902,0.367324,0.292276
241,2,152.543800,31.176000,13456.254000,88.456200,70.336200,0.632962,0.129361,0.231681,0.367038,0.291851
242,2,153.250800,31.295500,13549.865700,88.749200,70.625000,0.633268,0.129320,0.231369,0.366732,0.291839
243,2,153.856300,31.475200,13671.946700,89.143700,70.929700,0.633153,0.129528,0.231536,0.366847,0.291892
244,2,154.430700,31.519900,13791.584200,89.569300,71.278900,0.632913,0.129180,0.231651,0.367087,0.292127
245,2,155.122500,31.795500,13898.628400,89.877500,71.522800,0.633153,0.129778,0.231547,0.366847,0.291930
246,2,155.697500,31.792900,14022.955800,90.302500,71.827200,0.632917,0.129239,0.231723,0.367083,0.291980
247,2,156.276000,31.990700,14143.533300,90.724000,72.157200,0.632696,0.129517,0.231827,0.367304,0.292134
248,2,156.982000,32.103900,14240.201600,91.018000,72.439600,0.632992,0.129451,0.231533,0.367008,0.292095
249,2,157.631200,32.116500,14359.259800,91.368800,72.670800,0.633057,0.128982,0.231597,0.366943,0.291851
250,2,158.224400,32.446700,14477.920200,91.775600,73.061500,0.632898,0.129787,0.231647,0.367102,0.292246
251,2,158.887100,32.425000,14588.683000,92.112900,73.287100,0.633016,0.129183,0.231563,0.366984,0.291980
252,2,159.541100,32.524300,14698.939300,92.458900,73.508500,0.633100,0.129065,0.231465,0.366900,0.291700
253,2,160.167300,32.753500,14820.065700,92.832700,73.892000,0.633072,0.129460,0.231531,0.366928,0.292063
254,2,160.675000,32.860100,14961.169400,93.325000,74.235300,0.632579,0.129370,0.231899,0.367421,0.292265
255,2,161.319900,33.010300,15073.860600,93.680100,74.554400,0.632627,0.129452,0.231816,0.367373,0.292370
256,2,161.963300,33.121900,15195.227400,94.036700,74.787500,0.632669,0.129382,0.231861,0.367331,0.292139
257,2,162.802400,33.266100,15273.078900,94.197600,74.972800,0.633472,0.129440,0.231239,0.366528,0.291723
258,2,163.347700,33.449700,15408.052500,94.652300,75.336700,0.633131,0.129650,0.231477,0.366869,0.292003
259,2,163.831500,33.505200,15561.023900,95.168500,75.676100,0.632554,0.129364,0.231974,0.367446,0.292186
260,2,164.521200,33.700500,15664.208600,95.478800,75.979800,0.632774,0.129617,0.231719,0.367226,0.292230
261,2,165.191800,33.748000,15780.931800,95.808200,76.206000,0.632919,0.129303,0.231660,0.367081,0.291977
262,2,165.728800,33.796700,15916.190700,96.271200,76.568600,0.632553,0.128995,0.231866,0.367447,0.292247
263,2,166.467000,34.028600,16017.973900,96.533000,76.797800,0.632954,0.129386,0.231577,0.367046,0.292007
264,2,167.020800,34.180600,16157.687400,96.979200,77.169700,0.632655,0.129472,0.231831,0.367345,0.292309
265,2,167.625200,34.253000,16290.625700,97.374800,77.456800,0.632548,0.129257,0.231978,0.367452,0.292290
266,2,168.282800,34.405400,16404.044100,97.717200,77.722100,0.632642,0.129344,0.231840,0.367358,0.292188
267,2,168.950000,34.516900,16526.138500,98.050000,77.963400,0.632772,0.129277,0.231819,0.367228,0.291998
268,2,169.602700,34.657100,16640.791300,98.397300,78.279700,0.632846,0.129318,0.231688,0.367154,0.292088
269,2,170.186200,34.859300,16780.233700,98.813800,78.585800,0.632662,0.129588,0.231896,0.367338,0.292141
270,2,170.804700,34.928400,16907.980400,99.195300,78.935800,0.632610,0.129364,0.231934,0.367390,0.292355
271,2,171.462600,34.973200,17021.441100,99.537400,79.097400,0.632703,0.129052,0.231770,0.367297,0.291872
272,2,172.040500,35.224600,17163.836700,99.959500,79.545700,0.632502,0.129502,0.231994,0.367498,0.292447
273,2,172.813600,35.339700,17261.794200,100.186400,79.682100,0.633017,0.129449,0.231612,0.366983,0.291876
274,2,173.470100,35.425100,17379.218500,100.529900,79.942400,0.633103,0.129289,0.231488,0.366897,0.291761
275,2,173.997700,35.541900,17526.999300,101.002300,80.324800,0.632719,0.129243,0.231762,0.367281,0.292090
276,2,174.663800,35.725700,17643.895900,101.336200,80.623700,0.632840,0.129441,0.231620,0.367160,0.292115
277,2,175.307000,35.796900,17777.363600,101.693000,80.875700,0.632877,0.129231,0.231690,0.367123,0.291970
278,2,176.044100,36.006000,17879.859500,101.955900,81.111900,0.633252,0.129518,0.231353,0.366748,0.291769
279,2,176.525600,36.123800,18053.397400,102.474400,81.521500,0.632708,0.129476,0.231927,0.367292,0.292192
280,2,177.157900,36.227800,18177.995300,102.842100,81.813000,0.632707,0.129385,0.231862,0.367293,0.292189
281,2,177.710400,36.375800,18320.776200,103.289600,82.166000,0.632421,0.129451,0.232023,0.367579,0.292406
282,2,178.464600,36.465300,18432.881100,103.535400,82.300800,0.632853,0.129310,0.231790,0.367147,0.291847
283,2,179.105800,36.615500,18559.113900,103.894200,82.590400,0.632883,0.129383,0.231731,0.367117,0.291839
284,2,179.594100,36.818000,18726.622600,104.405900,83.054300,0.632374,0.129641,0.232179,0.367626,0.292445
285,2,180.381000,36.876200,18820.751200,104.619000,83.185800,0.632916,0.129390,0.231711,0.367084,0.291880
286,2,180.950800,37.011000,18971.491600,105.049200,83.603900,0.632695,0.129409,0.231937,0.367305,0.292321
287,2,181.644700,37.149100,19081.752300,105.355300,83.808500,0.632908,0.129439,0.231662,0.367092,0.292016
288,2,182.251400,37.226700,19224.772800,105.748600,84.097900,0.632817,0.129259,0.231780,0.367183,0.292007
289,2,182.838200,37.402300,19366.188600,106.161800,84.475500,0.632658,0.129420,0.231872,0.367342,0.292303
290,2,183.525700,37.534900,19483.410000,106.474300,84.717000,0.632847,0.129431,0.231670,0.367153,0.292128
291,2,184.136400,37.761600,19635.840700,106.863600,84.970200,0.632771,0.129765,0.231880,0.367229,0.291994
292,2,184.753600,37.840300,19767.077500,107.246400,85.320800,0.632718,0.129590,0.231834,0.367282,0.292195
293,2,185.299400,37.969200,19928.065400,107.700600,85.650700,0.632421,0.129588,0.232129,0.367579,0.292323
294,2,186.050700,38.032000,20034.508100,107.949300,85.801100,0.632826,0.129361,0.231784,0.367174,0.291840
295,2,186.759600,38.155500,20147.024700,108.240400,86.089300,0.633083,0.129341,0.231508,0.366917,0.291828
296,2,187.336700,38.284600,20298.966400,108.663300,86.398100,0.632894,0.129340,0.231681,0.367106,0.291885
297,2,187.937500,38.496300,20452.745600,109.062500,86.732500,0.632786,0.129617,0.231867,0.367214,0.292029
298,2,188.569800,38.643900,20586.455400,109.430200,87.044100,0.632785,0.129678,0.231819,0.367215,0.292094
299,2,189.123100,38.733100,20740.587600,109.876900,87.389100,0.632519,0.129542,0.231995,0.367481,0.292271
300,2,189.843200,38.843000,20862.037600,110.156800,87.593800,0.632811,0.129477,0.231800,0.367189,0.291979
301,2,190.394800,38.944700,21021.001500,110.605200,88.007700,0.632541,0.129384,0.232017,0.367459,0.292384
302,2,191.003700,39.015500,21163.020300,110.996300,88.247300,0.632463,0.129190,0.232040,0.367537,0.292210
303,2,191.783200,39.258400,21273.502600,111.216800,88.459800,0.632948,0.129566,0.231715,0.367052,0.291947
304,2,192.454300,39.398700,21402.562700,111.545700,88.799900,0.633073,0.129601,0.231589,0.366927,0.292105
305,2,193.004900,39.516800,21565.818400,111.995100,89.098900,0.632803,0.129563,0.231828,0.367197,0.292128
306,2,193.637400,39.602000,21697.189800,112.362600,89.357900,0.632802,0.129418,0.231718,0.367198,0.292019
307,2,194.295600,39.779000,21843.431700,112.704400,89.683800,0.632885,0.129573,0.231763,0.367115,0.292130
308,2,194.875300,39.821600,21993.358000,113.124700,89.969200,0.632712,0.129291,0.231841,0.367288,0.292108
309,2,195.500500,39.983100,22132.547000,113.499500,90.261900,0.632688,0.129395,0.231801,0.367312,0.292110
310,2,196.107900,40.103500,22281.380900,113.892100,90.567300,0.632606,0.129366,0.231856,0.367394,0.292153
311,2,196.700900,40.263300,22443.949800,114.299100,90.919300,0.632479,0.129464,0.232048,0.367521,0.292345
312,2,197.504700,40.403400,22545.874300,114.495300,91.066400,0.633028,0.129498,0.231610,0.366972,0.291879
313,2,197.936500,40.464200,22733.848600,115.063500,91.453800,0.632385,0.129279,0.232051,0.367615,0.292185
314,2,198.673500,40.687700,22869.057600,115.326500,91.728200,0.632718,0.129579,0.231947,0.367282,0.292128
315,2,199.212800,40.793900,23034.354900,115.787200,92.106500,0.632422,0.129504,0.232143,0.367578,0.292402
316,2,199.903400,40.921100,23169.830500,116.096600,92.302500,0.632606,0.129497,0.232032,0.367394,0.292097
317,2,200.529100,40.967200,23306.887400,116.470900,92.625400,0.632584,0.129234,0.231935,0.367416,0.292194
318,2,201.207500,41.182700,23450.577200,116.792500,92.862600,0.632728,0.129505,0.231899,0.367272,0.292021
319,2,201.772300,41.384700,23610.852800,117.227700,93.246600,0.632515,0.129733,0.232023,0.367485,0.292309
320,2,202.360800,41.357900,23772.728700,117.639200,93.507700,0.632378,0.129243,0.232156,0.367623,0.292212
321,2,203.126800,41.568300,23883.246200,117.873200,93.740500,0.632794,0.129496,0.231784,0.367206,0.292026
322,2,203.677400,41.635800,24048.087100,118.322600,94.072600,0.632539,0.129304,0.231936,0.367461,0.292151
323,2,204.339300,41.793900,24201.330500,118.660700,94.347000,0.632629,0.129393,0.231971,0.367371,0.292096
324,2,205.057600,42.034500,24330.148800,118.942400,94.635600,0.632894,0.129736,0.231769,0.367106,0.292085
325,2,205.711600,42.133300,24470.307400,119.288400,94.881000,0.632959,0.129641,0.231672,0.367041,0.291942
326,2,206.311300,42.188300,24625.177100,119.688700,95.233900,0.632857,0.129412,0.231710,0.367143,0.292129
327,2,206.859500,42.439100,24803.421200,120.140500,95.544600,0.632598,0.129783,0.231962,0.367402,0.292185
328,2,207.584400,42.428300,24939.702400,120.415600,95.754500,0.632879,0.129355,0.231816,0.367121,0.291934
329,2,208.166600,42.629600,25094.610300,120.833400,96.147100,0.632725,0.129573,0.231840,0.367275,0.292240
330,2,208.763400,42.744300,25254.920700,121.236600,96.382500,0.632616,0.129528,0.231909,0.367384,0.292068
331,2,209.414400,42.893500,25409.900800,121.585600,96.668800,0.632672,0.129588,0.231925,0.367328,0.292051
332,2,209.986400,42.883400,25578.118100,122.013600,96.946700,0.632489,0.129167,0.232056,0.367511,0.292008
333,2,210.717900,43.140900,25704.895200,122.282100,97.261300,0.632786,0.129552,0.231807,0.367214,0.292076
334,2,211.281800,43.279200,25885.009900,122.718200,97.591200,0.632580,0.129578,0.232036,0.367420,0.292189
335,2,211.890500,43.425500,26038.020700,123.109500,97.941800,0.632509,0.129628,0.232016,0.367491,0.292364
336,2,212.488600,43.449100,26205.865100,123.511400,98.169000,0.632407,0.129313,0.232124,0.367593,0.292170
337,2,213.323200,43.585200,26308.256200,123.676800,98.341200,0.633007,0.129333,0.231650,0.366993,0.291814
338,2,213.863000,43.776900,26486.634800,124.137000,98.788900,0.632731,0.129517,0.231843,0.367269,0.292275
339,2,214.520800,43.875300,26642.575700,124.479200,99.019700,0.632805,0.129426,0.231834,0.367195,0.292094
340,2,215.131100,44.098000,26808.756300,124.868900,99.332500,0.632739,0.129700,0.231910,0.367261,0.292154
341,2,215.797500,44.098200,26951.725700,125.202500,99.530200,0.632837,0.129320,0.231781,0.367163,0.291877
342,2,216.295300,44.204900,27142.988900,125.704700,99.845600,0.632442,0.129254,0.232063,0.367558,0.291946
343,2,217.032700,44.437900,27282.414800,125.967300,100.144200,0.632748,0.129557,0.231897,0.367252,0.291966
344,2,217.603800,44.459300,27443.672200,126.396200,100.422100,0.632569,0.129242,0.231913,0.367431,0.291925
345,2,218.354600,44.681500,27587.141100,126.645400,100.710400,0.632912,0.129512,0.231776,0.367088,0.291914
346,2,218.945500,44.842600,27750.611700,127.054500,101.037800,0.632790,0.129603,0.231804,0.367210,0.292017
347,2,219.436800,44.946500,27945.292400,127.563200,101.465900,0.632383,0.129529,0.232086,0.367617,0.292409
348,2,220.177500,45.022900,28084.301200,127.822500,101.619700,0.632694,0.129376,0.231902,0.367306,0.292011
349,2,220.626600,45.201800,28296.832000,128.373400,102.020500,0.632168,0.129518,0.232320,0.367832,0.292322
350,2,221.412400,45.373100,28427.387000,128.587600,102.261200,0.632607,0.129637,0.232060,0.367393,0.292175
351,2,222.033500,45.450600,28581.065900,128.966500,102.538900,0.632574,0.129489,0.231987,0.367426,0.292134
352,2,222.730800,45.548900,28725.655900,129.269200,102.800400,0.632758,0.129400,0.231838,0.367242,0.292047
353,2,223.240300,45.685100,28923.822300,129.759700,103.164400,0.632409,0.129420,0.232117,0.367591,0.292250
354,2,223.961800,45.847600,29062.815800,130.038200,103.393500,0.632660,0.129513,0.231916,0.367340,0.292072
355,2,224.522300,45.994200,29243.639000,130.477700,103.753400,0.632457,0.129561,0.232046,0.367543,0.292263
356,2,225.239500,46.101500,29386.020300,130.760500,104.000000,0.632695,0.129499,0.231868,0.367305,0.292135
357,2,225.858300,46.257600,29563.846100,131.141700,104.304800,0.632656,0.129573,0.231966,0.367344,0.292170
358,2,226.448800,46.351300,29736.003100,131.551200,104.586100,0.632539,0.129473,0.232015,0.367461,0.292140
359,2,227.199700,46.537300,29877.779700,131.800300,104.849700,0.632868,0.129630,0.231825,0.367132,0.292060
360,2,227.781300,46.598500,30056.120900,132.218700,105.105100,0.632726,0.129440,0.231915,0.367274,0.291959
361,2,228.480100,46.795600,30199.269000,132.519900,105.409500,0.632909,0.129628,0.231730,0.367091,0.291993
362,2,229.026800,46.892000,30392.576000,132.973200,105.689800,0.632671,0.129536,0.231926,0.367329,0.291961
363,2,229.680800,47.032900,30548.940700,133.319200,106.028100,0.632729,0.129567,0.231837,0.367271,0.292088
364,2,230.314400,47.112100,30720.692700,133.685600,106.277000,0.632732,0.129429,0.231861,0.367268,0.291970
365,2,230.963000,47.286200,30889.323700,134.037000,106.646400,0.632775,0.129551,0.231858,0.367225,0.292182
366,2,231.514700,47.376000,31087.154900,134.485300,106.915100,0.632554,0.129443,0.232070,0.367446,0.292118
367,2,232.132800,47.534200,31250.866500,134.867200,107.255800,0.632514,0.129521,0.232022,0.367486,0.292250
368,2,232.845400,47.688400,31399.988500,135.154600,107.460000,0.632732,0.129588,0.231864,0.367268,0.292011
369,2,233.523200,47.839700,31555.469400,135.476800,107.793100,0.632854,0.129647,0.231751,0.367146,0.292122
370,2,233.994500,47.828800,31785.504800,136.005500,108.072300,0.632418,0.129267,0.232180,0.367582,0.292087
371,2,234.711500,47.989800,31931.195900,136.288500,108.344700,0.632646,0.129353,0.231989,0.367354,0.292034
372,2,235.388200,48.125600,32094.905000,136.611800,108.604600,0.632764,0.129370,0.231926,0.367236,0.291948
373,2,235.919300,48.371700,32291.842300,137.080700,109.018100,0.632491,0.129683,0.232100,0.367509,0.292274
374,2,236.638800,48.409800,32439.663600,137.361200,109.161000,0.632724,0.129438,0.231917,0.367276,0.291874
375,2,237.178200,48.522400,32634.106300,137.821800,109.554000,0.632475,0.129393,0.232065,0.367525,0.292144
376,2,237.763500,48.707500,32822.895700,138.236500,109.897600,0.632350,0.129541,0.232167,0.367650,0.292281
377,2,238.443000,48.859900,32988.569800,138.557000,110.179500,0.632475,0.129602,0.232103,0.367525,0.292253
378,2,239.191500,48.984400,33124.864100,138.808500,110.346600,0.632782,0.129588,0.231830,0.367218,0.291922
379,2,239.805300,49.117300,33304.943900,139.194700,110.703500,0.632732,0.129597,0.231862,0.367268,0.292094
380,2,240.445600,49.243700,33486.734400,139.554400,111.001400,0.632752,0.129589,0.231903,0.367248,0.292109
381,2,240.898900,49.341000,33714.884700,140.101100,111.354600,0.632281,0.129504,0.232259,0.367719,0.292269
382,2,241.597200,49.404600,33864.687800,140.402800,111.559000,0.632453,0.129331,0.232071,0.367547,0.292039
383,2,242.224200,49.593200,34044.846900,140.775800,111.907900,0.632439,0.129486,0.232089,0.367561,0.292188
384,2,242.929900,49.753700,34207.390100,141.070100,112.108900,0.632630,0.129567,0.231984,0.367370,0.291950
385,2,243.543400,50.019800,34398.123400,141.456600,112.503600,0.632580,0.129922,0.232067,0.367420,0.292217
386,2,244.264800,49.993300,34536.760400,141.735200,112.688800,0.632810,0.129516,0.231797,0.367190,0.291940
387,2,244.905800,50.120500,34712.390800,142.094200,112.991800,0.632832,0.129510,0.231773,0.367168,0.291968
388,2,245.520300,50.183500,34904.255400,142.479700,113.270700,0.632784,0.129339,0.231854,0.367216,0.291935
389,2,246.056800,50.289300,35090.478000,142.943200,113.598900,0.632537,0.129278,0.231894,0.367463,0.292028
390,2,246.690500,50.449900,35294.280000,143.309500,113.873900,0.632540,0.129359,0.232047,0.367460,0.291984
391,2,247.205200,50.660700,35516.951700,143.794800,114.335400,0.632238,0.129567,0.232318,0.367762,0.292418
392,2,248.011000,50.680700,35631.879100,143.989000,114.440100,0.632681,0.129288,0.231882,0.367319,0.291939
393,2,248.634300,50.890900,35818.686800,144.365700,114.795600,0.632657,0.129493,0.231913,0.367343,0.292101
394,2,249.342800,50.913200,35976.332500,144.657200,114.911800,0.632850,0.129221,0.231753,0.367150,0.291654
395,2,249.869800,51.091600,36189.522500,145.130200,115.388100,0.632582,0.129346,0.231947,0.367418,0.292122
396,2,250.607400,51.269200,36345.493200,145.392600,115.553100,0.632847,0.129468,0.231772,0.367153,0.291801
397,2,251.219400,51.457500,36541.705700,145.780600,115.908200,0.632794,0.129616,0.231850,0.367206,0.291960
398,2,251.726700,51.619300,36752.479300,146.273300,116.285700,0.632479,0.129697,0.232017,0.367521,0.292175
399,2,252.408900,51.752100,36950.124200,146.591100,116.640000,0.632604,0.129705,0.232097,0.367396,0.292331
400,2,253.086000,51.871600,37114.606600,146.914000,116.868700,0.632715,0.129679,0.231966,0.367285,0.292172
401,2,253.756400,51.920400,37281.667500,147.243600,117.066800,0.632809,0.129477,0.231850,0.367191,0.291937
402,2,254.306800,52.041900,37490.115300,147.693200,117.440900,0.632604,0.129457,0.231988,0.367396,0.292142
403,2,254.871100,52.232900,37701.492300,148.128900,117.857200,0.632434,0.129610,0.232139,0.367566,0.292450
404,2,255.568000,52.419300,37868.985000,148.432000,118.014900,0.632594,0.129751,0.232018,0.367406,0.292116
405,2,256.180300,52.540300,38055.912700,148.819700,118.338800,0.632544,0.129729,0.232013,0.367456,0.292195
406,2,256.932300,52.699900,38221.343500,149.067700,118.606800,0.632838,0.129803,0.231875,0.367162,0.292135
407,2,257.327400,52.764100,38492.145200,149.672600,118.981800,0.632254,0.129642,0.232372,0.367746,0.292339
408,2,258.076300,52.856200,38621.959700,149.923700,119.184800,0.632540,0.129550,0.232014,0.367460,0.292120
409,2,258.708500,52.943300,38817.606100,150.291500,119.477700,0.632539,0.129446,0.232050,0.367461,0.292122
410,2,259.414200,53.184600,38989.025300,150.585800,119.790900,0.632718,0.129719,0.231939,0.367282,0.292173
411,2,260.104800,53.190900,39146.062400,150.895200,119.943700,0.632858,0.129418,0.231742,0.367142,0.291834
412,2,260.618300,53.344200,39382.246700,151.381700,120.330300,0.632569,0.129476,0.232010,0.367431,0.292064
413,2,261.285900,53.473700,39564.589800,151.714100,120.624000,0.632654,0.129476,0.231957,0.367346,0.292068
414,2,261.828300,53.713500,39777.438600,152.171700,121.021600,0.632436,0.129743,0.232079,0.367564,0.292323
415,2,262.492300,53.732500,39961.312900,152.507700,121.309800,0.632512,0.129476,0.232030,0.367488,0.292313
416,2,263.098100,53.960200,40176.681000,152.901900,121.538000,0.632447,0.129712,0.232160,0.367553,0.292159
417,2,263.807200,54.038100,40335.053700,153.192800,121.855500,0.632631,0.129588,0.231959,0.367369,0.292219
418,2,264.359800,54.238000,40551.029100,153.640200,122.155000,0.632440,0.129756,0.232086,0.367560,0.292237
419,2,264.970000,54.314200,40765.643100,154.030000,122.486200,0.632387,0.129628,0.232202,0.367613,0.292330
420,2,265.650200,54.461700,40933.359100,154.349800,122.673400,0.632500,0.129671,0.232049,0.367500,0.292080
421,2,266.343700,54.598200,41115.994800,154.656300,122.933200,0.632645,0.129687,0.231978,0.367355,0.292003
422,2,266.841100,54.676200,41354.301500,155.158900,123.431300,0.632325,0.129564,0.232218,0.367675,0.292491
423,2,267.485100,54.838300,41548.346700,155.514900,123.642500,0.632352,0.129641,0.232206,0.367648,0.292299
424,2,268.154400,54.930200,41723.828900,155.845600,123.950100,0.632440,0.129552,0.232088,0.367560,0.292335
425,2,268.873800,55.146800,41915.841300,156.126200,124.175600,0.632644,0.129757,0.232060,0.367356,0.292178
426,2,269.442500,55.231400,42128.593200,156.557500,124.439800,0.632494,0.129651,0.232144,0.367506,0.292112
427,2,270.084000,55.420900,42312.046000,156.916000,124.839400,0.632515,0.129791,0.232064,0.367485,0.292364
428,2,270.757700,55.467400,42497.196800,157.242300,125.019900,0.632611,0.129597,0.231992,0.367389,0.292103
429,2,271.351400,55.590000,42711.238100,157.648600,125.338100,0.632521,0.129580,0.232075,0.367479,0.292163
430,2,272.031700,55.799000,42885.312600,157.968300,125.642300,0.632632,0.129765,0.231938,0.367368,0.292191
431,2,272.627900,55.834800,43109.041500,158.372100,125.886600,0.632547,0.129547,0.232067,0.367453,0.292080
432,2,273.241200,56.004000,43306.578000,158.758800,126.229400,0.632503,0.129639,0.232053,0.367497,0.292198
433,2,273.819100,56.227600,43532.017900,159.180900,126.605600,0.632377,0.129856,0.232184,0.367623,0.292392
434,2,274.453200,56.299100,43731.281700,159.546800,126.868400,0.632381,0.129721,0.232174,0.367619,0.292324
435,2,275.135000,56.314100,43920.035900,159.865000,127.033400,0.632494,0.129458,0.232105,0.367506,0.292031
436,2,275.749600,56.480400,44121.155700,160.250400,127.467900,0.632453,0.129542,0.232099,0.367547,0.292358
437,2,276.442300,56.644600,44303.246200,160.557700,127.697500,0.632591,0.129622,0.231992,0.367409,0.292214
438,2,277.028100,56.709900,44523.105300,160.971900,127.975400,0.632484,0.129475,0.232080,0.367516,0.292181
439,2,277.729600,56.887600,44710.447700,161.270400,128.236700,0.632641,0.129585,0.231996,0.367359,0.292111
440,2,278.258200,57.000700,44948.517700,161.741800,128.543600,0.632405,0.129547,0.232172,0.367595,0.292145
441,2,278.946800,57.114800,45116.813600,162.053200,128.802100,0.632532,0.129512,0.231986,0.367468,0.292068
442,2,279.500600,57.284800,45358.521000,162.499400,129.183900,0.632354,0.129604,0.232174,0.367646,0.292271
443,2,280.230000,57.494400,45540.321300,162.770000,129.380200,0.632573,0.129784,0.232054,0.367427,0.292055
444,2,280.770100,57.412400,45768.486800,163.229900,129.704600,0.632365,0.129307,0.232167,0.367635,0.292127
445,2,281.432500,57.758300,45977.667300,163.567500,130.056200,0.632433,0.129794,0.232181,0.367567,0.292261
446,2,281.990100,57.829100,46211.986100,164.009900,130.456200,0.632265,0.129662,0.232319,0.367735,0.292503
447,2,282.882700,58.011000,46329.385200,164.117300,130.551900,0.632847,0.129779,0.231868,0.367153,0.292062
448,2,283.427500,58.054600,46559.750800,164.572500,130.841600,0.632651,0.129586,0.231982,0.367349,0.292057
449,2,283.914500,58.067700,46813.641600,165.085500,131.155700,0.632326,0.129327,0.232209,0.367674,0.292106
450,2,284.598900,58.366500,46995.864900,165.401100,131.518200,0.632442,0.129703,0.232078,0.367558,0.292263
451,2,285.281000,58.507200,47200.561700,165.719000,131.752000,0.632552,0.129728,0.232057,0.367448,0.292133
452,2,285.995300,58.527900,47382.947400,166.004700,131.981600,0.632733,0.129487,0.231924,0.367267,0.291995
453,2,286.544300,58.702000,47612.844100,166.455700,132.282000,0.632548,0.129585,0.232021,0.367452,0.292013
454,2,287.218300,58.877700,47815.339200,166.781700,132.599200,0.632639,0.129687,0.231983,0.367361,0.292069
455,2,287.719100,58.888300,48063.112700,167.280900,132.865900,0.632350,0.129425,0.232161,0.367650,0.292013
456,2,288.458800,59.107900,48232.157100,167.541200,133.150700,0.632585,0.129623,0.231957,0.367415,0.291997
457,2,289.046500,59.221400,48466.676400,167.953500,133.578600,0.632487,0.129587,0.232066,0.367513,0.292295
458,2,289.720200,59.323500,48669.325300,168.279800,133.810400,0.632577,0.129527,0.232019,0.367423,0.292162
459,2,290.383700,59.541800,48882.910100,168.616300,134.078700,0.632644,0.129721,0.232023,0.367356,0.292110
460,2,291.013400,59.624000,49094.266300,168.986600,134.442700,0.632638,0.129617,0.232014,0.367362,0.292267
461,2,291.737900,59.787400,49261.550900,169.262100,134.624900,0.632837,0.129691,0.231796,0.367163,0.292028
462,2,292.283500,59.985700,49522.564800,169.716500,135.011500,0.632648,0.129839,0.232017,0.367352,0.292233
463,2,292.935500,60.040900,49723.422400,170.064500,135.225500,0.632690,0.129678,0.231952,0.367310,0.292064
464,2,293.378100,60.104000,50005.192900,170.621900,135.623400,0.632280,0.129534,0.232263,0.367720,0.292292
465,2,294.251200,60.266500,50149.560400,170.748800,135.709200,0.632798,0.129605,0.231932,0.367202,0.291848
466,2,294.724800,60.409700,50400.473700,171.275200,136.148300,0.632457,0.129635,0.232093,0.367543,0.292164
467,2,295.370900,60.597100,50620.185600,171.629100,136.453300,0.632486,0.129758,0.232108,0.367514,0.292191
468,2,295.865000,60.590200,50894.087900,172.135000,136.759500,0.632190,0.129466,0.232368,0.367810,0.292221
469,2,296.689400,60.767300,51024.741400,172.310600,137.006400,0.632600,0.129568,0.231972,0.367400,0.292125
470,2,297.260600,60.984700,51281.334900,172.739400,137.364500,0.632469,0.129755,0.232147,0.367531,0.292265
471,2,297.861100,61.016700,51498.149100,173.138900,137.675200,0.632401,0.129547,0.232140,0.367599,0.292304
472,2,298.519000,61.203500,51722.098700,173.481000,137.958800,0.632456,0.129668,0.232163,0.367544,0.292286
473,2,299.211000,61.326700,51901.738800,173.789000,138.175600,0.632581,0.129655,0.231985,0.367419,0.292126
474,2,299.831900,61.400600,52131.047400,174.168100,138.359700,0.632557,0.129537,0.232028,0.367443,0.291898
475,2,300.465700,61.535300,52363.756200,174.534300,138.782000,0.632559,0.129548,0.232083,0.367441,0.292173
476,2,301.108000,61.756800,52592.200500,174.892000,139.086400,0.632580,0.129741,0.232117,0.367420,0.292198
477,2,301.704900,61.788000,52815.646800,175.295100,139.221700,0.632505,0.129535,0.232127,0.367495,0.291869
478,2,302.235300,61.973900,53060.008200,175.764700,139.714400,0.632291,0.129653,0.232226,0.367709,0.292290
479,2,303.079500,62.026200,53200.129700,175.920500,139.894600,0.632734,0.129491,0.231868,0.367266,0.292056
480,2,303.564800,62.390200,53506.224600,176.435200,140.306800,0.632427,0.129980,0.232232,0.367573,0.292306
481,2,304.156300,62.321400,53732.585400,176.843700,140.459400,0.632342,0.129566,0.232246,0.367658,0.292015
482,2,304.867500,62.490100,53931.982200,177.132500,140.815600,0.632505,0.129648,0.232141,0.367495,0.292149
483,2,305.532500,62.617700,54134.910800,177.467500,141.104200,0.632572,0.129643,0.232051,0.367428,0.292141
484,2,306.164500,62.727700,54353.326400,177.835500,141.388100,0.632571,0.129603,0.232025,0.367429,0.292124
485,2,306.882800,62.856200,54569.119500,178.117200,141.579200,0.632748,0.129600,0.231987,0.367252,0.291916
486,2,307.381200,63.087500,54820.121600,178.618800,142.084000,0.632472,0.129810,0.232096,0.367528,0.292354
487,2,308.011700,63.179300,55061.975800,178.988300,142.306900,0.632468,0.129732,0.232163,0.367532,0.292211
488,2,308.752900,63.162100,55218.467900,179.247100,142.488500,0.632690,0.129431,0.231870,0.367310,0.291985
489,2,309.305400,63.309000,55497.464200,179.694600,142.838600,0.632526,0.129466,0.232089,0.367474,0.292103
490,2,309.941200,63.522900,55718.503300,180.058800,143.153400,0.632533,0.129639,0.232064,0.367467,0.292150
491,2,310.557000,63.642100,55955.044500,180.443000,143.508100,0.632499,0.129617,0.232101,0.367501,0.292277
492,2,311.213000,63.806800,56177.813800,180.787000,143.734600,0.632547,0.129689,0.232078,0.367453,0.292143
493,2,311.820400,63.842300,56416.453800,181.179600,143.973200,0.632496,0.129498,0.232120,0.367504,0.292035
494,2,312.365100,64.061100,56674.361200,181.634900,144.428400,0.632318,0.129678,0.232238,0.367682,0.292365
495,2,313.079800,64.199800,56884.762700,181.920200,144.582600,0.632484,0.129697,0.232159,0.367516,0.292086
496,2,313.828900,64.378500,57052.308000,182.171100,144.865800,0.632720,0.129795,0.231905,0.367280,0.292068
497,2,314.288200,64.490700,57350.316800,182.711800,145.298500,0.632371,0.129760,0.232179,0.367629,0.292351
498,2,314.976100,64.446800,57562.542400,183.023900,145.463100,0.632482,0.129411,0.232103,0.367518,0.292095
499,2,315.603600,64.656400,57790.432900,183.396400,145.774900,0.632472,0.129572,0.232089,0.367528,0.292134
500,2,316.150100,64.863300,58070.481700,183.849900,146.135900,0.632300,0.129727,0.232282,0.367700,0.292272
